,name,DM,drift,drift_error,amplitude,xo,yo,sigmax,sigmay,theta,amp_error,xo_error,yo_error,sigmax_error,sigmay_error,angle_error
0,1.0,554.1030000000001,-655.3250135657813,0.07372284620202828,1816.4478118221286,512.4986413665081,512.4830315479459,176.65601693627957,46.4137024230721,1.7995632640282777,0.11310700704003367,0.0037597282582466827,0.010731222005469925,0.01102058299583189,0.002888771108715942,2.48472947449861e-05
1,2.0,554.1030000000001,-523.1929675733102,0.32542476571802237,81.45995546895438,512.492738769151,512.4809776202636,181.11128627292234,43.830036562764384,1.8545727183881537,0.037464081609239565,0.030296987178612674,0.08014880553139132,0.08348360073512123,0.020150133896268373,0.00016718366016036325
2,3.0,554.1030000000001,-1154.6976770491958,0.4368855845922916,184.799367731624,512.4955392878893,512.3914541680747,172.03403521580475,19.074737831167315,1.7021804130140852,0.057209616331956675,0.009105474387123353,0.05279518572495375,0.05334389024621016,0.005902936923665975,4.913973811863865e-05
3,4.0,554.1030000000001,33.2757616966235,0.4133015117496689,4.145417294453401,512.4128860998189,512.6466141436491,26.642470629073028,-166.01758727194928,3.356307072392211,0.04603409636122545,0.4872243720582688,1.8015535391311244,0.29564720857080284,1.8442081260505814,0.0025856467809350515
4,5.0,554.1030000000001,-978.7875541121365,14.448978228351812,5.516508458473567,512.4727938608358,512.3361380599948,169.12908767319493,36.94773256954799,1.7254463157840858,0.03822899788162724,0.31063622448182204,1.1582102862845614,1.1730829811646915,0.2558189650830742,0.0022467347601327963
5,6.0,554.1030000000001,-1498.4881668314285,0.678104525745745,155.93681099066407,512.4937519280493,512.2089172298113,159.11728699393743,12.177186916753474,1.6722744435045016,0.06532333103016959,0.008446860586549037,0.06631292289295593,0.066689190880547,0.005101046713855823,4.56068522424551e-05
6,7.0,554.1030000000001,-614.7400099705793,0.30589087004529153,269.8441024995545,512.4961008503251,512.4592081248187,104.61414665682541,38.153731802650164,8.097279897791536,0.052773184247284416,0.008759515759461973,0.019937021615950727,0.020458312346862094,0.007461327428159371,0.00011634246930063991
7,8.0,554.1030000000001,-284.88032546947187,0.047405971513479056,245.9112180023013,512.4942625542838,512.4885805200665,177.2191152088785,62.76153536665817,2.0625330321880995,0.029741660795835848,0.012131000816120173,0.019229629798305357,0.021443571998915983,0.007589907386198935,6.926069132063986e-05
8,11.0,554.1030000000001,-662.344342105259,2.8913913760865855,11.888522865752664,512.4940722049736,512.4013506094632,186.15324510539836,39.04413023222122,1.7972212932589466,0.03659115520447429,0.17387761701631224,0.5588047088233026,0.5752124170393371,0.12009787934540538,0.0009549944982811686
9,12.0,554.1030000000001,-645.3532089210902,0.44531893349027557,82.48724062619577,512.4986118585445,512.4658274151913,141.0080795105061,28.10727015268291,-1.338619318770913,0.04341778083807852,0.02233539460665001,0.07230445062061702,0.07421755263564914,0.014793660341910741,0.00015451538369656503
10,13.0,554.1030000000001,-617.4254219370561,0.09319282024685831,927.8134537432258,512.4987037881435,512.4662188815066,144.11038050461082,39.838433136198475,1.8130774074973488,0.07705433582563455,0.004308257602347288,0.01164563867179597,0.011968628173177573,0.0033085359682831924,3.515499068892485e-05
11,14.0,554.1030000000001,-1255.5492936673809,0.2176386226541007,329.15865181290906,512.4967836380416,512.3408190025189,162.12491030590303,11.440609246729116,1.6917340325591217,0.06813199649080257,0.004681301390412781,0.03331222645107565,0.03357987820758699,0.002367866961664174,2.0759696374752973e-05
12,15.0,554.1030000000001,-254.89290121182432,0.12291926415306749,520.5906020791606,512.4834598705668,512.4916876353783,45.909572767078956,68.21485548276469,6.8226007538571345,0.06358832746311453,0.006439321298101381,0.007707219379765281,0.0056076056586802986,0.008331917405386864,0.00021252415713242763
13,16.0,554.1030000000001,-660.1791197562007,0.04315968807003435,2590.968109248259,512.4986366179373,512.4856959304581,127.22136111696621,45.79414364811941,1.7979386689919519,0.06354765486040452,0.0013004920702823157,0.0030506119762145315,0.0031202619807093462,0.0011231703080758079,1.4344076580008047e-05
14,1.0,554.6921578947369,-681.9378429674318,0.08035742951364416,1816.5204833639189,512.4986105525966,512.4829839830958,176.32469812087598,46.49240419191697,1.790926685618103,0.11383759793462309,0.0037276804299324943,0.010799718829036995,0.011070523209325911,0.0029122442881340535,2.5109586468102688e-05
15,2.0,554.6921578947369,-539.8693747357366,0.34705052813918075,81.4460099113954,512.4927334805654,512.4876036180452,180.69651842267794,43.94324274479817,1.8462500651879497,0.037492260586134044,0.02983700990976777,0.08021864911532646,0.08336748205739973,0.020219979835496973,0.00016825116125427378
16,3.0,554.6921578947369,-1229.9870165690672,0.4960196044994971,184.6846997552936,512.49509809711,512.3739189658116,171.8665916583663,19.09575829780895,1.6942222341521025,0.05720342179920748,0.008795725884065709,0.052824245569862455,0.053319579485069823,0.005912549696506735,4.927027290023067e-05
17,4.0,554.6921578947369,-728.2677978749563,9.451891441917109,4.144629175948285,512.4133236667152,512.7020973277553,165.20379707795425,26.63366085806073,1.7773303574637789,0.046102782250705514,0.4745444204504218,1.7960139700403073,1.835306594194401,0.29597110631157275,0.002604941412907879
18,5.0,554.6921578947369,-1032.4930588313453,16.111024853207677,5.4849286666159704,512.4821294684081,512.4436349064396,169.22783152842578,37.08737523204994,1.7175201712632817,0.03801394778739492,0.3066245998949555,1.1608941400768293,1.1744618604597896,0.25704391908479324,0.0022567620694112413
19,6.0,554.6921578947369,-1634.0407871693362,0.8002177965724294,155.91908515967057,512.4935562840403,512.1859390527089,159.01941080244805,12.176751353991026,1.6639070239025189,0.06488807822057675,0.007957186638469388,0.06589157050560637,0.06621179061538417,0.005067465539398453,4.53348179780268e-05
20,7.0,554.6921578947369,-641.3488786791114,0.33267111226516227,269.82114478384005,512.4958434609173,512.4672827530907,104.3543932132073,38.23640022752522,-45.319518846912445,0.05264922521424569,0.008654276634701403,0.019883576935453447,0.020361400831222155,0.007460998409819105,0.00011679762109802684
21,8.0,554.6921578947369,-290.4479331497882,0.048494340688229456,246.0588373839185,512.4944426686334,512.4932203276304,176.45786496590014,62.89064878012078,2.054520548429039,0.029296013587282888,0.011806157245144428,0.01892069959181851,0.021018883407440386,0.007487034163848821,6.874245979409703e-05
22,11.0,554.6921578947369,-688.488295179652,3.1150163808688025,11.905814440691598,512.4910463576739,512.3676709863776,185.59593870288134,39.098808383084396,1.7888983981921651,0.03654070053867912,0.1698372101633482,0.5563880113545235,0.571648630183644,0.11979982325745189,0.0009557903606523705
23,12.0,554.6921578947369,-669.5186138708342,0.4777702639747807,82.52834674437048,512.4982541315212,512.4703905805027,140.73568717725897,28.159908512981964,1.7948758399464333,0.0432858645679164,0.02182482006197027,0.07203822740993669,0.07381059291743629,0.014768725874259998,0.00015460454911690743
24,13.0,554.6921578947369,-638.0641372177924,0.09924437304680414,927.6825599577016,512.4985725187497,512.465961635779,143.85045482231524,39.905486062511144,1.805529814745562,0.07679435693571189,0.004241766086917102,0.011606771995597452,0.011908391056990267,0.0033033762101986153,3.518395942395599e-05
25,14.0,554.6921578947369,-1346.1221008318248,0.25031918441017387,329.09887764189284,512.4966348090618,512.3083481810262,162.04819355751732,11.437314559877324,1.6836682173535973,0.06827914243967381,0.004460439372275693,0.03340516500138856,0.03364202587177936,0.002372619558786547,2.081136506425181e-05
26,15.0,554.6921578947369,-261.5620823786443,0.13025355467998995,520.4928488539867,512.4833722324126,512.4917415731263,46.11795266248504,67.92099909791692,0.5281029996125394,0.06331756892492896,0.006388718643066869,0.007675985463766676,0.005610098886655491,0.008262158918685559,0.0002167458533019463
27,16.0,554.6921578947369,-692.1180349924683,0.04706151609728233,2591.194497317563,512.4985846050947,512.4853498118846,126.96237877462143,45.87970339980233,1.7877902427781986,0.06301960702126896,0.0012764332677601283,0.003024900440585849,0.0030877631385191613,0.0011158207383498426,1.4295974993261909e-05
28,1.0,555.2813157894738,-710.3410097785809,0.0882038158236951,1816.4118970097697,512.4987548011159,512.4845548015915,176.01416340702062,46.576677380770526,1.7823902531493385,0.11511139365819463,0.0037156319019636206,0.010921049159713966,0.011175357568348787,0.002950345268383801,2.5496618716987354e-05
29,2.0,555.2813157894738,-556.9048031930391,0.3684540682429546,81.48438372265889,512.4932544215644,512.4755642899204,180.31609223305657,44.01365074990178,1.838225884683429,0.037440156463237326,0.029309394385763923,0.08006451309832208,0.08303187714987169,0.020211871598257106,0.00016861799915840028
30,3.0,555.2813157894738,-1319.4169650212787,0.571343350824304,184.7018638329387,512.495354237384,512.4127587647082,171.6607940126023,19.10229917545941,1.6859328166780063,0.05728838742326522,0.008486506137369714,0.052886698584520185,0.05332996133611607,0.005922926026178345,4.941777272098636e-05
31,4.0,555.2813157894738,-757.4392195881366,10.29342891017013,4.107405480628061,512.407178656908,512.1652021012284,165.2278332432352,-26.83636216870794,1.7695879606375309,0.04582567673396994,0.46640786320683303,1.8038703869244368,1.8404995071597388,0.29884790065592587,0.002630921067441388
32,5.0,555.2813157894738,-1092.8990888061378,18.096678077020638,5.491109934241857,512.4798996509287,512.3200408212541,168.84423573218166,37.09995610261631,1.7095171482282123,0.03815139179352778,0.3023949221771785,1.1611729082462972,1.173496131874766,0.2574905277082855,0.002267642191414659
33,6.0,555.2813157894738,-1786.7614465328463,0.9498060192180697,155.782248085676,512.4940389338424,512.1739785234062,158.92232515881716,12.174194083518136,1.6559887646858165,0.06442278179794007,0.007512376813955483,0.06548273013725164,0.0657547361464129,0.005034514489701098,4.5067764818711896e-05
34,7.0,555.2813157894738,-669.5975761101539,0.3656713554161997,269.89880377446224,512.4959514450164,512.4723048159574,104.12782722554714,38.30121255242284,14.361220905304794,0.053076876608003726,0.008638764773291452,0.02003490417207074,0.020476699185116888,0.00753196037980871,0.00011830326125713945
35,8.0,555.2813157894738,-295.1742321702096,0.05022458929722334,245.91096616296335,512.4946819517029,512.4912354351532,175.9368880262081,63.15943370135653,2.0479053108964766,0.029288340857439563,0.01171406352649413,0.018930742458104607,0.02096400128256627,0.007521537397107324,6.941039982729932e-05
36,11.0,555.2813157894738,-715.8855357611324,3.3748766239191292,11.903442739483745,512.4917086698626,512.5172475075743,185.1973453458199,39.178814555523616,1.7807993968224523,0.03651806105846872,0.1668344794860723,0.5560482518677211,0.5703322445620667,0.12014655078571355,0.0009611593427879783
37,12.0,555.2813157894738,-699.2488383510994,0.5210093178275407,82.49601376782458,512.4976180041136,512.486551093003,140.41930270176363,28.211347846351032,1.7856451829630766,0.043244611885984274,0.021330292641116064,0.07198095548207746,0.07360602583507374,0.014787795034136287,0.00015520254971612975
38,13.0,555.2813157894738,-663.2716486124809,0.10635003436098725,927.8218229754082,512.4986543779976,512.4650880615985,143.56684882581814,39.97151314122431,1.79691542086599,0.07615350160990653,0.004147451105665755,0.011507004444118963,0.011783946220285255,0.003280727378483629,3.503302019815e-05
39,14.0,555.2813157894738,-1455.869680757936,0.29204859731958344,329.11824685288923,512.4970290117225,512.2934075910981,161.86380836993152,11.432942489587855,1.6752238224759923,0.06818611596320134,0.0042147708311688434,0.03335011209335299,0.03355572155515437,0.0023682089458136033,2.0796274064222944e-05
40,15.0,555.2813157894738,-266.99103952556413,0.1358990986896248,520.57854854924,512.4835584860258,512.4894657229853,46.26341981017246,67.6953144975488,0.5192070495720765,0.06294418982670452,0.006330907574570071,0.007628887260351856,0.005593688410221879,0.008184800531267532,0.00021927834770179772
41,16.0,555.2813157894738,-723.5342589988231,0.05077069812745717,2590.8788056750004,512.4984981944007,512.4860283055997,126.73024075723342,45.96456454555882,1.778643093700446,0.062150738395248865,0.001247997540270336,0.0029832471459460943,0.003039992178532788,0.0011026062412003458,1.4168265982563186e-05
42,1.0,555.8704736842105,-742.6179986089961,0.09800237719425947,1816.5491094290999,512.4988902447917,512.4829816427358,175.6875895846018,46.65225674501668,1.7734487310939775,0.11700286282219552,0.003720211527446009,0.011098500697257698,0.01133703407401066,0.0030034651783050516,2.601756815097496e-05
43,2.0,555.8704736842105,-576.6818532018428,0.39485867253706464,81.49529494006121,512.4930463915134,512.4879944893988,179.92126673611222,44.09816479462393,4.9710574724904735,0.03742351881025375,0.02879811751038025,0.08002413757260879,0.08280584229041865,0.020240730577277,0.00016931711234869162
44,3.0,555.8704736842105,-1421.0847639648723,0.6580488351721102,184.92523960998352,512.495346369934,512.4018810891095,171.5120380281673,19.085329545288904,1.6777607465641888,0.05705204357727879,0.008133618077849541,0.05260685934643144,0.05300011353361954,0.005886218719016833,4.9154104914404866e-05
45,4.0,555.8704736842105,97.9755578513078,-215.4972728633716,-1.0,-1.0,-1.0,-1.0,-1.0,-1.0,-1.0,-1.0,-1.0,-1.0,-1.0,-1.0
46,5.0,555.8704736842105,-1176.2790389466224,21.016680821349254,5.511412948802028,512.4726341447647,512.539414576901,168.06156044482495,37.24144157011588,1.6997967884267813,0.038081252479435175,0.2958352839850453,1.1510925463017765,1.1617560704708625,0.25733601799486183,0.0022793772099736144
47,6.0,555.8704736842105,-1979.7262027729546,1.168668740713095,155.2462502542842,512.4938578211883,512.1108609245781,158.82049022794666,12.225902725434805,1.647719493548733,0.06411632354710635,0.007123957591649652,0.06539757106351142,0.06562538366736313,0.005049132094120081,4.523024086478835e-05
48,7.0,555.8704736842105,-700.4402268530839,0.39965274148218666,269.7814964226077,512.4962856262465,512.4742015808663,38.3844669158683,103.92488777707239,3.356087185407808,0.05292785980371627,0.008542117234731143,0.0199847109780239,0.007530300459950971,0.020387520846768373,0.00011866553638452077
49,8.0,555.8704736842105,-300.28044919501053,0.05183662778699453,245.9207273367108,512.494470139974,512.4989350796171,175.3094553128208,63.35203092465801,2.0409436649187493,0.029167929920364453,0.011557480111085561,0.018845551220980864,0.02080249774449115,0.007513145783960786,6.9718318304325e-05
50,11.0,555.8704736842105,-744.8341900570787,3.6353918697057748,11.922840307091061,512.4952258464207,512.6189007545289,184.8630061061133,39.144551467452686,1.7728620588639878,0.03654216901954514,0.16334843635739738,0.5553270914773707,0.5686857824997744,0.1197688343461241,0.0009596162746933101
51,12.0,555.8704736842105,-728.7975520193747,0.5667435137427209,82.4773744640714,512.4973653071078,512.4675330277621,140.1186454806051,28.27994456883844,1.7771844588812353,0.0432356856042403,0.02090597390058451,0.07195335924979887,0.07344981974873453,0.014824038372944524,0.00015597706332018535
52,13.0,555.8704736842105,-687.5072978337975,0.11338830318430683,927.5672512325065,512.4986793100222,512.4654471457674,143.32393342464152,40.04400640548861,1.7891998100730675,0.07550329839964082,0.004063871057529657,0.011410983542608858,0.0116667498461075,0.003259501533906625,3.488598592057115e-05
53,14.0,555.8704736842105,-1575.434722496421,0.34189647989780064,328.6497818602549,512.4968798610707,512.2838130217068,161.84741529138913,11.443042970430907,1.6673496301904256,0.06811093497669911,0.0040030313902719335,0.03338434396026766,0.03356392631680716,0.0023710927442644617,2.082374506976752e-05
54,15.0,555.8704736842105,-275.92135895545476,0.14673673347507513,520.5727139046851,512.4832122267213,512.4891640095059,67.38741379530765,46.47099169540822,2.075949261123637,0.06304985737245043,0.006313616653221098,0.007644429804746236,0.008162051512507972,0.005628497068463881,0.0002252185267596713
55,16.0,555.8704736842105,-760.8639662509071,0.05508766606047131,2591.211987065867,512.4984482845645,512.4867084021945,126.49669922480214,46.042578269359794,1.7687164090318621,0.060955906459802964,0.0012124824964024291,0.0029253349656853966,0.0029756700828075934,0.0010831049191655524,1.3958405990402791e-05
56,1.0,556.4596315789474,-776.1327013221926,0.10689646404665618,1816.685225967796,512.499040993219,512.4840483594116,175.40349038761227,46.7200944348567,1.7649207785879795,0.11683345746852881,0.003662901213214229,0.011081368087307546,0.011301469965621124,0.003003252546881864,2.6070029595127838e-05
57,2.0,556.4596315789474,-597.093127225115,0.42338814406523095,81.48931401208444,512.4934521407397,512.5103660897898,179.54336247904337,44.182992767428786,4.962585479631017,0.03742277969108257,0.028331745568589053,0.08002689013813512,0.08263681547152311,0.020280962651596696,0.00017009833627346698
58,3.0,556.4596315789474,-1536.3721966990781,0.7728174923445933,184.64907832303263,512.4952761048647,512.3717887966048,171.34579845129312,19.120915959192587,4.811381358107838,0.057168091811011464,0.00788406493189485,0.052784038966599396,0.05313512930455744,0.005917880731988143,4.946993053323755e-05
59,4.0,556.4596315789474,27.974020388130732,0.41272371016728304,4.142068553436431,512.4005606381694,512.7097195358853,-26.538472110532048,-164.35055477484448,3.322909725505761,0.046244833946767074,0.44020028999458766,1.8024901639935245,0.295876262384591,1.8331070409616366,0.00261687278522818
60,5.0,556.4596315789474,-1261.5606188271777,24.095708532611916,5.542520000768491,512.4750951436127,512.4847651494842,167.3356614032269,37.10035052276383,1.6911633284928327,0.03827393526090585,0.28947749132717837,1.147179340849335,1.156475314528501,0.25608262098502077,0.002276858907705514
61,6.0,556.4596315789474,-2220.1100552118287,1.4677036003145285,154.89992126882248,512.4944113485856,512.0355136243205,158.74169562318318,12.232844376599855,1.6394182873447236,0.06389558447271221,0.00674527756919652,0.06532466656840495,0.06551286074270397,0.005045791577203616,4.522335028429468e-05
62,7.0,556.4596315789474,-741.0548332687824,0.44428605190414977,269.7446141927027,512.4961933575337,512.4694806736436,38.473952240508524,103.66717087964399,-28.071265650706565,0.05248126729324759,0.008384019616221303,0.019811498152377184,0.0074851385010067505,0.020168290396469165,0.00011842645560830971
63,8.0,556.4596315789474,-306.1075837080724,0.05318504089417656,246.05893840653752,512.4945810769132,512.4957630033417,174.72251521256024,63.48533320378047,2.033225580315527,0.02883363484171825,0.011301984863196675,0.01862074096098778,0.02048376667513388,0.007438461108095977,6.937127793255862e-05
64,11.0,556.4596315789474,-777.3765251908372,3.977052924611718,11.938999030200648,512.4963606775111,512.512925578383,184.28695379966868,39.2673699011221,1.7646179007630918,0.036603492223224225,0.16052718768422553,0.5548992456787158,0.5673087272069004,0.12026031130817155,0.0009669418451229715
65,12.0,556.4596315789474,-762.1452342057838,0.620323172677083,82.43761942995594,512.498361722954,512.4680929679857,139.89722915751065,28.34055868853676,1.7683922792697953,0.04323307588316681,0.020487307121683937,0.07199036453634972,0.07336049743080095,0.01486144386259523,0.0001566730970685517
66,13.0,556.4596315789474,-713.9630539082558,0.12321364859188391,927.5566683453751,512.4985795852767,512.4644625466316,143.09065343476726,40.1099028202862,1.7813483265226604,0.07604630223536671,0.004043812510615829,0.011492636079596585,0.011731650478237328,0.003288375589216772,3.527201284086984e-05
67,14.0,556.4596315789474,-1712.0088808519833,0.4021188866279911,328.575091932588,512.4967678987123,512.2503151226417,161.7334346499671,11.44132505211956,1.6596894189157667,0.06787770018380822,0.0037865337680151657,0.033278064887116675,0.03343337472755203,0.0023632358190374754,2.0769507486258546e-05
68,15.0,556.4596315789474,-283.10568644203613,0.1555840970262812,520.6184603787083,512.4840870036587,512.4893893201146,67.12513714664298,46.64104039346441,2.065138406943996,0.0628977083081979,0.00627771315805739,0.007623289178756134,0.008109955624678058,0.005634965791377258,0.0002295254224580653
69,16.0,556.4596315789474,-798.921430207257,0.06052343401330111,2590.8607885270094,512.4985856144274,512.4870648086489,126.28680655790144,46.12004134158988,1.7595158842160832,0.06068760828447564,0.001197467156548437,0.0029125902538202257,0.002958056000339096,0.0010802981181166247,1.3959676893244385e-05
70,1.0,557.0487894736842,-813.7959037450875,0.11660851422686695,1816.746793980087,512.4990995969237,512.4844196683733,175.11359450716668,46.79091501874902,1.7561456522231178,0.1158955627915013,0.0035826600373401857,0.010991110945452916,0.011191822977733483,0.0029835597125899877,2.5954531836820273e-05
71,2.0,557.0487894736842,-618.8669563004682,0.45378771252780864,81.51869456221826,512.4936110236847,512.4753873398098,179.1814463891688,44.26159771124035,1.8125348135629205,0.03735065926489476,0.027809709604947445,0.079840823283601,0.08227980595646685,0.020269647884311504,0.00017043077813730736
72,3.0,557.0487894736842,-1677.1642952160853,0.9182793787744798,184.50872889861088,512.495368020248,512.3444516456958,171.18653521490293,19.141516255713803,4.8031188893040815,0.05692999710193552,0.007580913109887522,0.05259657105380252,0.05290510585142455,0.005904223608207391,4.9404179737875994e-05
73,4.0,557.0487894736842,-886.3065062915686,14.00864851861871,4.150145764528441,512.3923869850812,512.1284005229049,163.1393626297204,26.530873850422925,1.7412865543169127,0.0464516010992075,0.4253722495648207,1.797035731096415,1.8239907031092641,0.2964967432749578,0.0026427933071371578
74,5.0,557.0487894736842,-1363.6948081951166,28.064907758705075,5.512971753377759,512.4764164600485,512.651240691874,37.20020123739182,168.07974678124444,3.2530221529052783,0.038140125358233926,0.2863053934877512,1.154825362123554,0.25695561985074916,1.163219210709629,0.0022742891851165637
75,6.0,557.0487894736842,-2513.603554774663,1.8832955098726532,154.57530269235215,512.4939852972626,511.90847495671693,158.70844324926696,12.25282763936424,1.6314267595287908,0.06376815963746901,0.006418633654260473,0.06535291068795479,0.06550769081281403,0.00505491437836101,4.5315576512476995e-05
76,7.0,557.0487894736842,-776.4302368749832,0.48874555376490086,269.79569989317775,512.4966402879413,512.4697795910661,103.4764559999264,38.54005722426308,4.906440895645986,0.05254358455485605,0.008327461986721386,0.019826918712557002,0.02015227896712949,0.007505929805825876,0.00011910787400800116
77,8.0,557.0487894736842,-311.552147084074,0.05506695252445637,245.99868216803566,512.4947524742246,512.4935163263702,174.1857879180107,63.71491513886266,2.026223893950041,0.028760340600693716,0.011178603665742996,0.018578684552571886,0.020373948654799124,0.007448190456244079,6.981888991275677e-05
78,11.0,557.0487894736842,-814.1241069997518,4.374503513631216,11.939617247146849,512.498491836877,512.4391956261258,183.95841342214055,39.29307600743951,1.756072629730853,0.03671232067994693,0.15787673407009456,0.5562010964751689,0.5677311065324285,0.12071195644985228,0.0009729115674756515
79,12.0,557.0487894736842,-796.043520048537,0.6770187231201641,82.47325568209664,512.4981365042663,512.4448584113583,139.71113392776653,28.356416315618876,1.7601819865842552,0.043320183086612354,0.020119555220313716,0.07212355066259507,0.073382961725536,0.014893910306573215,0.00015724480311229462
80,13.0,557.0487894736842,-746.5350216110634,0.13483359996772956,927.4373574928002,512.4988574328331,512.4667878712593,142.83028996110042,40.17726449930552,1.7724140806221784,0.07607754528216257,0.003991304511472023,0.01149774110104789,0.01171661320738065,0.003295666441119587,3.5435858679407135e-05
81,14.0,557.0487894736842,-1893.9655668013795,0.49323044233259344,328.57080543608413,512.4972493619483,512.2100797005287,161.57752740426312,11.431049816387379,4.792780638827611,0.06811977560225918,0.003579705002906936,0.033388228610907046,0.033519878600935284,0.002369574431423384,2.0845676309776863e-05
82,15.0,557.0487894736842,-290.8247168063582,0.16523640565821018,520.4990868114176,512.4837724476874,512.4923830693813,66.88423540024968,46.82157430092516,2.053986986639655,0.06267416324682766,0.006239106000446279,0.007597836247291531,0.008053996319068765,0.0056379696779017266,0.0002337529049182332
83,16.0,557.0487894736842,-844.9968659620642,0.0670194840066935,2591.1285658093234,512.4987618857841,512.4874663429333,126.0743738853968,46.1896182879566,1.7494491224371662,0.06005243412733369,0.0011744653405943233,0.0028816441528447044,0.0029218683976766423,0.0010704933053122447,1.3869962437768244e-05
84,1.0,557.6379473684211,-855.6016875361703,0.13002538604155764,1816.4719072344822,512.4991864014663,512.4836193559422,174.83860074715074,46.869333528737464,1.7472807674946018,0.11683370012121931,0.0035631038188147987,0.011081070952609578,0.01126639484612408,0.0030132081764766673,2.6266806983418117e-05
85,2.0,557.6379473684211,-641.8490715904719,0.48996676625832397,81.50637721196652,512.4936281186964,512.4746891500472,178.84619945239209,44.3569636961318,11.228973434324425,0.03746740360022086,0.027468128472688463,0.08010489200557021,0.08239515273502807,0.02037987675675945,0.00017176893589791723
86,3.0,557.6379473684211,-1852.8698435307613,1.121264095046927,184.3908857812872,512.4960010540852,512.3515182098284,19.156964893462597,171.00156610068754,6.3653520840817714,0.05689474689538213,0.007309458540333085,0.05257881950688104,0.00590897004684243,0.052848014297088436,4.9499722800779924e-05
87,4.0,557.6379473684211,-917.2879285017559,15.189764910045971,4.125904810185681,512.4012955701367,512.5536576233353,162.61613707010363,26.757342259830825,1.735633744219369,0.04625230040749897,0.4202682842576087,1.7969220881940986,1.8221334623032308,0.2996705570789673,0.0026804367165563876
88,5.0,557.6379473684211,-1476.9552319494137,33.25587532370359,5.519490970006116,512.4746710048885,512.5439855747326,37.260932815081034,167.27169857898522,3.244539890675131,0.03836073057531829,0.283588055946122,1.1552803418355557,0.25856541948036604,1.162551466093661,0.0023016693022430024
89,6.0,557.6379473684211,-2892.3451233505243,2.4973625769135643,154.06726946750126,512.4937487308489,511.78448114637683,158.53969180769147,12.288339716295143,1.6235032343873452,0.06345861833749958,0.006114210206918337,0.06520946553690621,0.0653343123888916,0.0050614897174176745,4.5424944550798115e-05
90,7.0,557.6379473684211,-820.1684025501035,0.5435715812786496,269.7776023000152,512.496269773078,512.4679677085874,103.28675795954766,38.59901763194062,1.7547379217987111,0.05233969968322897,0.008224008539392673,0.019748068409608265,0.020038539120740266,0.007488489116826156,0.00011917714760026094
91,8.0,557.6379473684211,-317.36754053507315,0.05658018150055507,246.01320665008924,512.4947658298285,512.4947255041254,173.66753485583396,63.84988759527206,2.0189600932234404,0.028491942881646595,0.010970123132732788,0.018406618016505446,0.020122586860433993,0.007393524077139304,6.962167024791029e-05
92,11.0,557.6379473684211,-855.2128822968014,4.810276449484112,11.934050183999387,512.4997030814856,512.4174202478026,183.8167965713779,39.34533967753886,1.7473593457805021,0.036630473725082324,0.1545701731932203,0.555476677720255,0.5661517507420869,0.12055837670713597,0.0009725944544535323
93,12.0,557.6379473684211,-836.9825555656997,0.7478518562964106,82.47018904938095,512.4981871754032,512.4566233681641,28.410906208406363,139.32269890896694,0.18032676440881834,0.04320977808664022,0.019642154761281595,0.07185919460336711,0.014885035103534158,0.07299498430947302,0.00015765340269675404
94,13.0,557.6379473684211,-776.0691559063533,0.14599569699600595,927.3417915960279,512.4990497444339,512.4628378236517,142.6024058891136,40.238459593043935,1.7649362773370236,0.07616719029515673,0.0039524251875377725,0.011510050508562781,0.011712911109918836,0.0033049142026809054,3.5611208460809014e-05
95,14.0,557.6379473684211,-2105.5173268953727,0.6105674609679114,328.50019525717823,512.4968487263732,512.1908688360711,161.46955423570907,11.419425288949776,7.926325659900029,0.06832651932178355,0.003391534990926411,0.0334951557335333,0.03360661052514025,0.002374822276889806,2.090552851214549e-05
96,15.0,557.6379473684211,-299.9769431069738,0.1777240748629169,520.6737401401626,512.483759672184,512.4914700740577,66.60979781226007,46.988796744048365,2.0413521973693634,0.06277607210815878,0.006225508381070415,0.007605385947459013,0.008031313604642378,0.0056654083170002995,0.00023941666694803288
97,16.0,557.6379473684211,-895.3345733680345,0.07542561104226465,2591.4546534219803,512.4986847828383,512.4877157083434,125.87465387713912,46.25519046264756,1.7396000557113194,0.06017734698562055,0.0011671715897061182,0.0028870319140931184,0.002922937689183623,0.0010741075272460068,1.3951917021171325e-05
98,1.0,558.2271052631579,-899.9640203226403,0.14290711572224593,1816.7139266299096,512.499078789525,512.4833514857987,174.59719515074312,46.9257213557423,1.7387480013128986,0.11607471992542884,0.0034936738228201723,0.011007599344436804,0.01117627076813675,0.00299683571387329,2.6170686943289932e-05
99,2.0,558.2271052631579,-668.4184176048689,0.5321122506388586,81.45925601103649,512.4938985177066,512.4735028325387,44.44544233604506,178.4629631782656,3.366028742860141,0.03747890138109825,0.027033767172795074,0.0801617390736502,0.02043872787944261,0.08229122025486885,0.00017272860304770984
100,3.0,558.2271052631579,-2034.3137882332114,1.3547992966809055,184.24056401477674,512.495959472787,512.3359860402686,170.826707607116,19.189144175148666,4.7872558457917584,0.05688707346449258,0.007102733932539123,0.05259155939988292,0.05283021187747734,0.005923221968640182,4.967325596447558e-05
101,4.0,558.2271052631579,24.16037375047825,0.4145873032387099,4.180987610471129,512.3924108304692,511.87005062912,26.483845905692228,-161.7533033178684,3.2986264215595664,0.04659618988094046,0.4048486696750802,1.778226679023915,0.29475533527484854,1.8008634925652272,0.0026505871680110593
102,5.0,558.2271052631579,-1600.855691512836,38.947064039187254,5.50150436513723,512.4758446554627,512.2448171804467,37.29971661512967,167.40640270657514,3.2366220154703984,0.03817143158835686,0.27996512930361334,1.1557886085330042,0.2584697734748777,1.1622425565576615,0.002298066422536775
103,6.0,558.2271052631579,-3388.639955007647,3.436785688865402,153.64404380715484,512.4930900368048,511.5226620844224,158.40771615669297,12.291933638468674,1.6157951721143304,0.06342564311920068,0.005860668116374137,0.06532424879193836,0.06542450884527425,0.005074088609333945,4.557660463534894e-05
104,7.0,558.2271052631579,-870.4716597764216,0.6127759948089866,269.72225347066217,512.4959746402726,512.4747837744109,103.06687728479758,38.67144319087644,1.7443266091672032,0.05228797284093326,0.008150116521667496,0.019722187049227412,0.019979728024885086,0.0074966345341196845,0.00011972051293692541
105,8.0,558.2271052631579,-322.9491265093899,0.05853145867216112,245.9978419638678,512.4946591472157,512.4877617526719,173.16627827912427,64.05500302849558,2.012188808415246,0.02841790657698604,0.010852041590010474,0.018359882433955595,0.020013623842370383,0.007398530280165509,7.000507627008394e-05
106,11.0,558.2271052631579,-895.5402158843472,5.274861979180619,11.932842620769552,512.5030617798321,512.59195946428,183.57893568848115,39.38130896820544,1.7395620252990742,0.036609728995136835,0.15198903303691652,0.5553745771082649,0.5653153066047064,0.1207073556276954,0.0009752866966492036
107,12.0,558.2271052631579,-882.8202239077694,0.8325050624572362,82.42627820735879,512.4979018236497,512.4784423095182,28.476611599496167,139.12797639649835,0.17115045220181904,0.04317956760791026,0.019237616567564984,0.07185567879740104,0.014916426151187444,0.07287728578271489,0.00015826258206090698
108,13.0,558.2271052631579,-813.0142745144467,0.1633140258876372,927.3868393150947,512.4989575328352,512.4623037873055,142.3774714005146,40.29439775975515,1.7563197875454724,0.07762514947264146,0.003977478669320795,0.011729200307507563,0.01191770299808989,0.003372693096337878,3.641771613366214e-05
109,14.0,558.2271052631579,-2364.1883531561552,0.771152456980333,328.03136482052776,512.4972317313958,512.1850122749312,161.2757647780794,11.428562220642657,14.201618889658942,0.06828264667212877,0.0032107553437357656,0.033499039864224985,0.03359215631974407,0.0023786291115186577,2.096480542115641e-05
110,15.0,558.2271052631579,-311.09582262083717,0.19302456472809,520.5536597484117,512.4844648160959,512.4915454939992,66.33341001818724,47.195597840247444,2.026803147817838,0.06267113670168087,0.0061962772155481766,0.007594532378118733,0.007986487552110667,0.005682146589178646,0.00024531325663075797
111,16.0,558.2271052631579,-951.4532939407524,0.08583500163968037,2591.051711680247,512.4987537138043,512.488244643739,125.68242302712825,46.327727060874274,1.7298157404988443,0.060582438480448995,0.0011663768095255926,0.0029065588610391315,0.002938574785286493,0.001083202026767642,1.410525241333327e-05
112,1.0,558.8162631578948,-952.8091294520451,0.16162741617725337,1816.4793458843073,512.4992762224178,512.4823451784307,174.3311903196502,46.99342282724178,1.7295932453734988,0.11705842898478873,0.00347676238210557,0.011100971144209838,0.011255241270280741,0.0030269865571725626,2.6486560940166987e-05
113,2.0,558.8162631578948,-695.251926838914,0.5734102250952982,81.52799163504226,512.4939065979901,512.4481478572499,178.11656882061234,44.50184151170959,4.928435000885041,0.037365418627689516,0.026506421921712497,0.07983843971265371,0.081814351774776,0.02038601150457026,0.00017269125098713243
114,3.0,558.8162631578948,-2301.1201889793015,1.7357517049734073,184.13038747536459,512.4960090814449,512.3400515468009,170.62564980507818,19.20111507585819,26.769750886716857,0.056892857187422416,0.006869311644233314,0.05259807489222742,0.05280407305260854,0.0059310116035986935,4.979934554527682e-05
115,4.0,558.8162631578948,22.813661370849374,0.41498607758634665,4.199722544470924,512.4005206545093,513.0062370564624,-160.92177536984354,26.448534295543034,1.7192085983196936,0.04678630080093734,0.39316946349447623,1.7700741873873846,1.7902203390805762,0.2941806343592846,0.0026601876629264074
116,5.0,558.8162631578948,-1763.9033921645282,47.51112038815705,5.510069796283311,512.4746154340015,512.4361990157756,37.360400526763264,166.74028483436788,3.227883645002138,0.03822256774622244,0.27659202664706883,1.1520321597868761,0.25893931605248816,1.1575090490766573,0.0023127458683580068
117,6.0,558.8162631578948,-4113.680128132001,5.1108296524495165,152.8503992058168,512.4918075403938,511.1664437665561,158.01721461934596,12.371784470929205,1.6078721233924735,0.0631366122384678,0.005651026346478321,0.0652250510215718,0.06530273699031834,0.0051103562980688196,4.6020709861459276e-05
118,7.0,558.8162631578948,-920.8643835171746,0.6863525780982604,269.73929877423404,512.4959566136985,512.4711521874756,102.90968985757421,38.73286478624257,1.7350050164581516,0.052282761974720364,0.00809225207055912,0.019715106446255338,0.019945184632931445,0.007507301656662285,0.00012020220825766692
119,8.0,558.8162631578948,-330.2330577980329,0.0609819805015991,246.0476129336879,512.4947415723051,512.4901787635721,172.49009550649183,64.261084830653,2.003634976244118,0.028281562999571734,0.010681485203613046,0.018261547519628957,0.01983576507930563,0.007385280413931549,7.031379140176137e-05
120,11.0,558.8162631578948,-946.4196466738758,5.913146760866658,11.9271492127,512.5060180082065,512.480710486021,183.31079310149627,39.43066428057456,1.7306472073380919,0.036720594029866535,0.14969078838169486,0.5573247131736013,0.5665008061871519,0.12130374754487307,0.0009818076776181468
121,12.0,558.8162631578948,-929.2312860281588,0.921721455575081,82.40996046231892,512.4985127072873,512.4934405706498,138.93204093562858,28.513799351369254,1.7335525505622822,0.04313671601020039,0.0188601971024262,0.07179577625734111,0.07271781969553107,0.014924202882058661,0.00015860493087051022
122,13.0,558.8162631578948,-854.2843725072473,0.1798724353390675,927.3425303489709,512.4990571312197,512.4661434417853,142.1495578671047,40.353322190411596,1.7475472798180411,0.07740057361465179,0.0039172471035369815,0.011694428089394656,0.011864776847796996,0.00336803106482768,3.644523636786084e-05
123,14.0,558.8162631578948,-2725.563513273037,1.0246263926027852,327.9619478736606,512.4972487101489,512.155972777466,161.0626159967038,11.42802906820351,-1.514870726441541,0.06822840918346126,0.0030234281700056392,0.03345275083162241,0.033528266502190485,0.002377222306222642,2.0980409207012916e-05
124,15.0,558.8162631578948,-323.14321213694245,0.20908797626182202,520.577814205885,512.4842365252632,512.490385492548,66.07223076448804,47.36642931231213,2.0119567911854297,0.06235818459813149,0.006143708890479247,0.007556143601491331,0.007914954248636254,0.005673972548581421,0.00024982884934399434
125,16.0,558.8162631578948,-1017.2330924998588,0.09849513992474143,2591.3465988391736,512.4988425649509,512.4878499462822,125.50518968277999,46.38495363177,1.7196890882589784,0.06080423509350525,0.0011616176730218906,0.002916721257299477,0.002944836549835155,0.001088386585492196,1.4204639861886242e-05
126,1.0,559.4054210526316,-1005.7207364625953,0.177988147016985,1816.4624891438787,512.4993239781462,512.484682969384,174.1157764242445,47.04832923443344,1.7213679422290378,0.11567455178758337,0.0033958074563089757,0.010969341487512541,0.011108534077953222,0.0029947243924204163,2.6246576710693096e-05
127,2.0,559.4054210526316,-723.1573110404881,0.6216110923974556,81.50827907261258,512.4943764164169,512.4618766046203,177.81159361089098,44.57078321341284,11.203526299510127,0.03742659251137437,0.026163184114976933,0.07997939812179763,0.08182440819161874,0.02045424810570217,0.00017364235798995975
128,3.0,559.4054210526316,-2589.8495900616626,2.199228472653509,184.01838071070554,512.4956552430185,512.3195068431742,170.44830920452165,19.224524896797597,-17.219909961533563,0.05679384021228332,0.006680700340464396,0.05250778956454567,0.05268863783706556,0.005931514266939188,4.985817550164391e-05
129,4.0,559.4054210526316,-1068.6539399047886,20.482128112931736,4.184112841696372,512.4144013143748,512.5766247863414,160.6715744365433,-26.52886962283379,1.712622807070361,0.04675839491971888,0.3871234188572153,1.7752882344391963,1.7937398839085175,0.2961137562667796,0.002681981610961614
130,5.0,559.4054210526316,-1976.4730557337439,59.45551503533398,5.513563040784047,512.4643076582298,512.3328563742873,37.38531169062703,167.13128255928476,3.21864193082271,0.03825422402230595,0.2733552892845537,1.155656025674837,0.25911637861083303,1.1603839832397436,0.002308605014954432
131,6.0,559.4054210526316,-5193.922914246787,8.278605229054111,152.1497482230032,512.4885600441195,511.55094890885874,157.30953269912285,12.434709110890942,1.6001660378084508,0.06327883181381302,0.0055146971538845785,0.0653947234078486,0.06545351384723994,0.005171422370781032,4.678553238244745e-05
132,7.0,559.4054210526316,-970.1719267953255,0.7640608081016899,269.7417157155066,512.495756770351,512.4746258874387,102.75718215511367,38.77524710338291,1.7267976088396315,0.05239842161688647,0.008060992091967594,0.01975258479922464,0.019960268185752646,0.007532057562801928,0.00012087549676250072
133,8.0,559.4054210526316,-336.373162542874,0.06315790649052519,245.98322015236644,512.4947029182092,512.4933426336986,171.95863000079308,64.44583377318872,1.996662228730069,0.028181196567605954,0.010555531750667143,0.018196999268932423,0.01970960515551483,0.00738217961138259,7.06379383452453e-05
134,11.0,559.4054210526316,-993.9938824009997,6.527016430369071,11.938633234033656,512.5058808174698,512.4701888801869,183.005222051714,39.49204270995011,1.7231171487335852,0.03674399834816806,0.14732283770682572,0.5568292227783858,0.5653387269531018,0.12143658683688631,0.000984808534984262
135,12.0,559.4054210526316,-981.5480839637755,1.0302863052572986,82.42825609235193,512.498965327551,512.4535333174625,28.533969340673714,138.65281338995197,3.2958145744159637,0.043213994227186595,0.018523912322886377,0.07185993449704581,0.014958513031904638,0.07268766209996347,0.0001593250982857761
136,13.0,559.4054210526316,-889.0197784013928,0.19341181949883327,927.2930126190141,512.4990866811798,512.4644697409279,141.96329196407987,40.39635706640338,1.740776200997702,0.07681251813031052,0.0038514808402931302,0.011603690941289728,0.011759854530266727,0.00334622031802551,3.627197465873435e-05
137,14.0,559.4054210526316,-3186.3030179410753,1.4094757156341298,327.60718527479963,512.4972449701305,512.1525420489385,160.85631031883685,11.435658641282147,-1.5229441905221732,0.06852560941347856,0.0028804314276540855,0.033605384272518635,0.03366684726314852,0.002391664208583537,2.1135312729009135e-05
138,15.0,559.4054210526316,-328.80794072132426,0.21831103925884146,520.6127721454226,512.4844160300877,512.491147035265,65.93201547145105,47.45905144377694,2.0052840358221284,0.0624800056803949,0.006147188213702037,0.007567736147357509,0.007913059307696204,0.005695791931869111,0.0002535174841465209
139,16.0,559.4054210526316,-1079.9026552881762,0.11164681531380546,2590.994926293447,512.4989303881365,512.488967005975,125.35169455437604,46.44485719182112,1.7111649121718961,0.061096704083204174,0.001160587473351508,0.0029307121586918147,0.0029557810349917974,0.0010951825319979577,1.4322271102839243e-05
140,1.0,559.9945789473685,-1075.3188892649305,0.20567721845928527,1816.9891714526173,512.4993443802597,512.484659900504,173.87140508670657,47.09798335495385,1.7117553838068091,0.11695757105115541,0.0033870905599745838,0.011086748804004865,0.011212713404049352,0.003030259643479853,2.6605644672174134e-05
141,2.0,559.9945789473685,-758.3388891856936,0.6830499185903408,81.50064315079452,512.4942940081266,512.4725647537815,177.46888248978883,44.667874785720606,36.326877463693144,0.03735915388032492,0.025691406023723908,0.07984024406398711,0.08153364296342383,0.02046735605452055,0.00017418440966825244
142,3.0,559.9945789473685,-3102.1260637863847,3.1668247772845897,184.05244834661383,512.495614985224,512.3641217366614,170.20871532832172,19.23330754640327,-4.663240427123839,0.05696561093948522,0.0064825004265018586,0.05260925082921627,0.05276191981312826,0.005950792209871935,5.0092847831545374e-05
143,4.0,559.9945789473685,-1171.9528809417009,24.262299600660867,4.225575762917726,512.4053386920563,511.660175173464,160.11824885526767,26.137500234137445,1.7002676877815113,0.04723199207665683,0.3703144530003961,1.773877509310435,1.789439488835346,0.29197062049127176,0.00265052126194153
144,5.0,559.9945789473685,-2272.7881649205933,78.42335006309285,5.510615506588127,512.4715856876049,512.8247858489841,37.34043110820331,167.454161255382,3.2086289286022516,0.0382005315048995,0.27021280774625267,1.1585778302333631,0.25932472709704363,1.1625764100513125,0.0023061864616187484
145,6.0,559.9945789473685,-7293.238699185971,16.364382736216005,151.98210177870993,512.4886833196281,513.2119581119715,157.100154263326,12.435756044127109,1.5917151036270087,0.06330374771876461,0.005356380747764807,0.0654195514550614,0.06546399651355052,0.005179661352897147,4.6923325480903234e-05
146,7.0,559.9945789473685,-1075.952688568555,0.9393542395478067,269.66908529635543,512.4961448630252,512.4858204987016,102.54899754794857,38.87129004160301,1.7116734452138145,0.052282555884698115,0.007966334758909106,0.019711624403484108,0.01988014687862728,0.007535939284922107,0.00012137110100349607
147,8.0,559.9945789473685,-343.67518860336867,0.0659240170601726,246.0848860879895,512.494735501968,512.4921204001967,171.40288994776617,64.63076183590692,1.988639998610173,0.02816472711290482,0.010442785699614154,0.01817773345755996,0.01962633155832341,0.0073959889187485235,7.11422393416349e-05
148,11.0,559.9945789473685,-1067.2071198322471,7.531947629795358,11.923653001406654,512.5074721898668,512.4149577881013,182.80617691471213,39.57999153436451,1.7128125090448478,0.03669338373518553,0.14447969646904701,0.5572826079095774,0.5649908165608173,0.12178749129766163,0.0009888745973339894
149,12.0,559.9945789473685,-1045.4904789867512,1.1732530567815864,82.23561385080059,512.4990099490451,512.4571192626839,28.651920268136205,138.52232534532945,6.428110687562605,0.043156964668151006,0.01820743303660521,0.07195743587579868,0.015034894524647924,0.0726884142542989,0.00016036804787767487
150,13.0,559.9945789473685,-943.4318666786584,0.21900869650973026,926.8723791271862,512.4991343141704,512.4718329675226,141.72969768985485,40.48240097164683,1.7311448237626255,0.07710378118018935,0.0038203691859286367,0.011651036405423046,0.011790372002627602,0.0033676158740731338,3.658859570762454e-05
151,14.0,559.9945789473685,-3767.412597096252,1.969138084095808,327.15293046295665,512.4970014061103,512.2113227471332,160.59406696492096,11.444275651710596,-1.53031641308975,0.0682641487479992,0.0027441421548869463,0.03347990019118834,0.033529750765646994,0.002387652875672825,2.113479454682883e-05
152,15.0,559.9945789473685,-353.35233896133803,0.25445844008951685,520.5990130013108,512.4845412393644,512.4904533451355,65.5565982337362,47.72935435647327,1.9784371969350387,0.06227934774361545,0.006094791868431596,0.0075477887395208705,0.00784293973850276,0.005709982472970107,0.0002620968698694528
153,16.0,559.9945789473685,-1186.673673695952,0.13577186091222554,2591.547227643073,512.4989292911424,512.4901618703739,125.17245113730485,46.49923915777848,1.6986791453395593,0.06153939809917121,0.00115890797819721,0.0029513895440239015,0.002972305057100738,0.0011041741042051778,1.4472558782825759e-05
154,1.0,560.5837368421053,-1143.113544133058,0.2344116135730895,1817.0142280727503,512.4994059993836,512.4837646125616,173.6798241605004,47.14735026317685,1.7034963400143566,0.11793128663587463,0.00337860114533238,0.011178367742666059,0.011293442916099386,0.0030586489033282986,2.6893683088182567e-05
155,2.0,560.5837368421053,-792.2571987246729,0.7445882358425508,81.46442974244512,512.4947010578903,512.4916055862069,44.73574993438129,177.23330511531898,19.039825047737054,0.03730462320539366,0.025294995318192768,0.07978280010464917,0.020475909302355145,0.08135113130305491,0.00017453622715561171
156,3.0,560.5837368421053,-3653.699394283779,4.4033530612102405,183.8840583031628,512.4960431429664,512.3663129691705,170.03846136813218,19.263182626221862,-1.5290580071543578,0.05693305099722039,0.006349181752211052,0.05259293824357498,0.05272711731128641,0.0059623478616222594,5.024364667924501e-05
157,4.0,560.5837368421053,-1266.0289367285902,28.715637127840818,4.212600356586337,512.4014483019129,511.41447044998154,159.00522382196317,-26.454675915914365,1.690742575660333,0.04691542313122637,0.361054025743807,1.7573700712485136,1.770635953050925,0.29446537776892745,0.002694560768263652
158,5.0,560.5837368421053,-2578.3787225568635,100.98791037315982,5.483678655936792,512.4795204281814,511.64956664388694,167.57259821116173,37.46350766937753,1.6299071661781164,0.038097004788113085,0.2685016768930062,1.1615799821114858,1.165068728780721,0.2599626091272707,0.0023098176148719464
159,6.0,560.5837368421053,-12502.573088713229,47.90203231995926,152.2775518521784,512.4918722928988,513.7160922222995,157.5707581443873,12.392876269109452,1.5830002398787195,0.06361285001354801,0.0052382869013110536,0.06581592304716606,0.06585300178236016,0.005176709069305848,4.675311171519947e-05
160,7.0,560.5837368421053,-1144.4841623870034,1.0618341124278494,269.6647146053029,512.4962829815461,512.49268812496,102.4158276151549,38.90783070758179,1.7033392761223742,0.0521960131206921,0.007911102525434942,0.01967364977117371,0.019822326872442106,0.00753082993223052,0.00012153607258340604
161,8.0,560.5837368421053,-350.09669167221034,0.06853835225343365,245.96708577991507,512.4949047614492,512.4918033155686,170.9012065546984,64.84525085849967,1.9818168051052902,0.028138331768603163,0.01035566891681876,0.018164685016390406,0.019559894245120682,0.007417131467935583,7.170427325098526e-05
162,11.0,560.5837368421053,-1124.1732449166564,8.328542929147993,11.932070852919722,512.5061904774107,512.3688398529309,182.58478199119824,39.58383301970594,1.7057052872296234,0.03663687900854399,0.14197601389956255,0.5555645261139693,0.5627058578593611,0.12142357414930459,0.0009874023777684342
163,12.0,560.5837368421053,-1113.1823658455069,1.3300495841509392,82.31988160601878,512.4986546263299,512.4453575507019,138.20994962441662,28.653175599780443,4.848613609942683,0.04319736473406137,0.01785630758824234,0.07187574316270218,0.07252029852378399,0.015034581906749838,0.00016075739026546868
164,13.0,560.5837368421053,-985.9991038226485,0.24070970718793827,926.8594529837097,512.4991213335329,512.4711231779659,141.55962555301303,40.52043901869927,1.7243329692028146,0.07755380577624034,0.003808995270446549,0.011716790935072318,0.01184515435770432,0.0033905528211056243,3.689625728241493e-05
165,14.0,560.5837368421053,-4718.860302143855,3.097032889701744,326.84814544888553,512.4971498631515,512.2485112427655,160.37804367789448,11.454285607849068,1.603120814529657,0.0682573320499819,0.0026241330602875504,0.033472710117416406,0.033512241983362334,0.002391756434669481,2.1200093885151488e-05
166,15.0,560.5837368421053,-360.52739516046637,0.2658125491245974,520.6631373365981,512.4845831882895,512.4941362568704,65.41887109854324,47.81289200501589,1.9711712387542042,0.06210347662568379,0.006069122671913748,0.0075222519043732766,0.007803394062577053,0.005703118852600554,0.00026464155363368043
167,16.0,560.5837368421053,-1273.2341672296084,0.15548451436496247,2591.174526187499,512.4990093371863,512.4916427933533,125.04101144714242,46.552393419382646,1.6900702373199556,0.06116240090067504,0.0011461470722868516,0.0029333572018444905,0.0029514160864908138,0.0010988220907738083,1.4427714784971266e-05
168,1.0,561.1728947368422,-1230.1094424300645,0.27312620925916536,1816.7980892040387,512.4995763242346,512.488697030257,173.46407219020034,47.20319774811551,1.6942100746239348,0.11859586475858971,0.0033591711589773116,0.011241198923071261,0.011344295701170851,0.00307989790686748,2.7124663757672845e-05
169,2.0,561.1728947368422,-830.6168087247624,0.8180244471132527,81.53093865789657,512.4942369051806,512.5112930901515,176.933973920182,44.77370698227652,234.2303313597877,0.03732763627371337,0.024901131915290215,0.07973455228179147,0.081177744018864,0.020486782761693422,0.00017501309449063685
170,3.0,561.1728947368422,-4626.14211864427,7.068733171095234,183.82341203950983,512.4960722761832,512.3725120106732,169.8541590015191,19.271052293664056,-1.537824449220522,0.056940248223937874,0.006211396710774171,0.052577297358187974,0.052693379408061514,0.005967618468551484,5.034443719211103e-05
171,4.0,561.1728947368422,17.606747503075788,0.41861469342270524,4.150768165264743,512.4043706388949,511.9546724438909,-160.9288547900985,26.672924514679895,1.6856758583054683,0.04663911707209605,0.3624008200086045,1.7946595864753778,1.8073649276430466,0.2994233645293013,0.0027073863181644397
172,5.0,561.1728947368422,-3035.911603309459,140.63178969023497,5.4744262459867,512.4819038024299,511.7783482487894,37.539375649711985,167.3604845472224,3.1918113745191805,0.03807659694477388,0.2671074474115666,1.1621063588252665,0.26092651426849583,1.1650371580747927,0.002322360372727527
173,6.0,561.1728947368422,-42739.21964657527,555.8612860919228,153.17115277412304,512.4934847667973,513.3008963336644,157.73623319455757,12.324386494072368,1.5743665193154244,0.06397141706086736,0.00515245843572787,0.06587559929959043,0.06590886803299333,0.005147114888190088,4.643311129492552e-05
174,7.0,561.1728947368422,-1235.4790235398784,1.2360318989555403,269.70494643416976,512.4963589193144,512.4932505709857,102.30592734271713,38.953762183126784,1.6936790944172864,0.05211859828689563,0.007853836766327837,0.019641462839660034,0.019768853256863346,0.007527433394133614,0.00012170390197072363
175,8.0,561.1728947368422,-358.5313535005459,0.07189466706667692,246.00779055300998,512.4953230989142,512.4886308250367,170.3270576165994,65.03996969495633,1.9731678594093263,0.028118546744224947,0.010241501200639491,0.01814716961210207,0.019477267558822727,0.007432925032629187,7.225459301760937e-05
176,11.0,561.1728947368422,-1204.2032165891242,9.577834473281593,11.921143001823646,512.5042930129155,512.2673533592516,182.3807423665638,39.62175803968008,1.6968373557377083,0.03667988172444071,0.13991614639232317,0.5567361210943759,0.563267555609849,0.12181251076421051,0.0009919051271470554
177,12.0,561.1728947368422,-1188.5472553969253,1.5190842913539757,82.35487977358189,512.4986190260898,512.4452312095091,137.99294816377292,28.6739684983398,4.840072394789089,0.0432863881426034,0.017570213181336364,0.07196009439463466,0.07252662035597615,0.015070372481657079,0.000161424476282907
178,13.0,561.1728947368422,-1047.64115448448,0.2735941552107514,926.866684076233,512.4991626442311,512.4773674779645,141.368434988759,40.56963516389682,1.7154283294437673,0.07805699054256714,0.0037914408098335254,0.011791393029993264,0.011905914853175749,0.0034166004816351824,3.7246475225431674e-05
179,14.0,561.1728947368422,-6452.389703453641,5.788778718952313,326.8249291419764,512.4971045030471,512.3007639470063,160.09497929011093,-11.46441813025191,1.594440195611222,0.0680822140186297,0.002514102489594396,0.03333856660984264,0.033369299741386714,0.002387943788645747,2.1204255647854796e-05
180,15.0,561.1728947368422,-378.28193483084635,0.2969632712311706,520.725987088731,512.4847242111807,512.494078916205,65.18319641650207,47.97214675179529,1.9542051931065916,0.06246085388595854,0.006085521398202405,0.007564161681451404,0.00781905920365047,0.005754339700390311,0.0002723459616544248
181,16.0,561.1728947368422,-1394.6759225036935,0.1847030278879721,2591.5035346196532,512.4991009648755,512.4921320500084,124.91052402239254,46.59316372548928,1.6797703177334562,0.06055069815786997,0.001127778225376703,0.002903573770061009,0.0029184758202240517,0.0010886467432989957,1.4317917213726745e-05
182,1.0,561.762052631579,-1324.293195023109,0.3184901802961732,1817.0814880458418,512.4994704831441,512.4868194990534,173.29185181231844,47.24226200588765,1.6855125846306624,0.11933718752005326,0.003344826745523263,0.011309375627619292,0.011402095281006568,0.003101231480283181,2.734764947308678e-05
183,2.0,561.762052631579,-876.6805066954241,0.9160364253874547,81.48617724869109,512.4945489843022,512.4905526137514,176.65883788805093,44.84348318045887,-1.3984707545390747,0.03749706200485822,0.024636791809419807,0.08014477540025569,0.08146768768123414,0.02062287670195701,0.00017651796746033388
184,3.0,561.762052631579,-5964.545150206324,11.762736500172402,183.6479155813387,512.4958475062091,512.3885258592576,169.7310546483415,19.30369396298973,-1.5452194199042895,0.05682853665524074,0.006118963064037339,0.052497459870391505,0.052601447651650056,0.005971696746485599,5.041846738954e-05
185,4.0,561.762052631579,97.9755578513078,-215.4972728633716,-1.0,-1.0,-1.0,-1.0,-1.0,-1.0,-1.0,-1.0,-1.0,-1.0,-1.0,-1.0
186,5.0,561.762052631579,-3621.894170360476,200.83700335688033,5.458519590054322,512.4788574009472,512.7294230716085,-37.56765575687691,167.5225856866093,-3.0994882451012074,0.038147944910303516,0.26667776102198165,1.1692374922310707,0.26229597901127705,1.1718005423004931,0.0023319656705082068
187,6.0,561.762052631579,32988.172855512865,328.52040585326097,154.1222741678497,512.4942835000445,513.1203945723607,157.69819116573487,12.228350700581355,1.5661708265262717,0.06434892335860003,0.005114394413728643,0.06583896134800399,0.06587233484846153,0.005105380377107542,4.60634651656641e-05
188,7.0,561.762052631579,-1355.5576975320935,1.4920769005444872,269.6473570764171,512.4964771071229,512.4972169611412,102.15929577391817,39.00635711942468,1.6828891401210226,0.05219140386877026,0.007821558489136031,0.01966699597453801,0.01977294212061552,0.007549719199313333,0.00012235084491848898
189,8.0,561.762052631579,-366.5799151852015,0.0748134438013605,246.11641671326223,512.4952776257807,512.487138538832,169.79095225610828,65.17818167573004,1.9652300414874577,0.02799065962459277,0.01009332638719411,0.018052342493722714,0.019319114094101024,0.007411529572370882,7.240481608453089e-05
190,11.0,561.762052631579,-1289.1217585040695,10.951051902047764,11.927818948486953,512.5018956937002,512.5321724780342,182.18655811822438,39.65268255238959,1.6886139123533799,0.036594477182219094,0.13750895233174312,0.5551257732519987,0.5611022757334293,0.12161554160761831,0.0009916207274593687
191,12.0,561.762052631579,-1283.1723707585436,1.7659064203352013,82.28908229445514,512.4984907926524,512.4607845566879,137.85351213455326,28.73000501648248,4.830747747651453,0.043098055090609856,0.01720009757084366,0.07170459733684603,0.07218929246760526,0.015045124677955171,0.00016136879412025323
192,13.0,561.762052631579,-1116.953424094928,0.3140962189398296,927.0071872940446,512.4990594782136,512.4805629129232,141.1914490225765,40.60959316842593,1.706566675300519,0.07883645113600551,0.003788179228329008,0.011906108247324767,0.012007935795868027,0.0034536016631872496,3.771223990164589e-05
193,14.0,561.762052631579,-9824.129891146085,13.485243069514624,326.76589119486954,512.497273737201,512.3839649522873,159.84600280482726,11.471365828273834,1.5863270276219603,0.06827418837932146,0.0024518735936205215,0.03339291044730347,0.033417900445025815,0.0023966641201698382,2.1315027597640124e-05
194,15.0,561.762052631579,-398.7288866943143,0.33400335434402906,520.6623477626728,512.4855124383566,512.4933317368426,64.94683853871751,48.158679155701826,1.9362881646629782,0.06250148806584378,0.006075950951750137,0.007569232438802319,0.007796700504588839,0.005781169426479872,0.0002796153256417571
195,16.0,561.762052631579,-1537.3105048552475,0.22905172347877578,2591.1487941130717,512.4991695038461,512.4925189733437,124.7840647894706,46.642749413266756,1.669728677429247,0.06175302202854605,0.0011444957869824759,0.002961306472618659,0.0029738171368306394,0.0011115969279067838,1.4644440586827856e-05
196,1.0,562.3512105263159,-1439.5406389675043,0.3797420149263174,1816.7904325109691,512.4995590244451,512.4893014471394,173.11384840956603,47.297023114326294,1.6763996292455896,0.12033905587896825,0.0033401741781266983,0.011405413458247051,0.011488165609524273,0.0031313818022638334,2.765085433610296e-05
197,2.0,562.3512105263159,-923.3693776550712,1.0119453256718984,81.48018876591257,512.4949338844293,512.4774306495748,176.3899221640522,44.916954171615345,-1.4070251829698797,0.037306053287315545,0.02417869798596585,0.07973373851692449,0.0809394478298041,0.020555771046854483,0.00017628912857829243
198,3.0,562.3512105263159,-9096.894579954253,27.494205491362443,183.59296969808332,512.4959024542155,512.4467252030149,169.59360846741353,19.318733958781177,1.5875683780999963,0.05701778010059081,0.006061649519982654,0.05265434122086414,0.05274811289171556,0.005997800289223591,5.068188350920624e-05
199,4.0,562.3512105263159,-1611.454243335487,47.307965959576016,4.17530191016282,512.3957835495405,512.7863918460567,158.75525527031863,26.862302779666948,1.6652043988404535,0.04672213282908349,0.34250644961697435,1.7652759280309955,1.7738788621993655,0.3000875802035385,0.0027551281756167593
200,5.0,562.3512105263159,-4440.70138568906,297.6662115471389,5.501583922584083,512.4706496829257,512.9894895524922,167.6647731820886,37.218962945768936,1.6051440270186619,0.0382931840039998,0.2621510943562157,1.1664946822978917,1.1687437357164807,0.2592341419577843,0.0023005623252084517
201,6.0,562.3512105263159,11831.35369762671,42.47020771601287,154.715264173409,512.4942514806912,512.9032229041236,157.5575683893581,12.181250715271082,1.557900132887233,0.06510336641456688,0.005196190480371009,0.06629260304369951,0.06633040142056032,0.005125823600733372,4.628745987863452e-05
202,7.0,562.3512105263159,-1497.516106587035,1.8371428767342308,269.64687644699904,512.4961139669724,512.4994413272585,39.03566158020885,102.07214743953702,3.2431361895491433,0.052661279137279804,0.007848681645876087,0.019846263117657515,0.007623391736492817,0.019933887281915197,0.00012371838213244207
203,8.0,562.3512105263159,-374.9163562995552,0.07796936438522319,246.1061228666602,512.4951291423074,512.4897461189412,169.29287157211778,65.32714977931516,1.9573155664354385,0.02787307268190344,0.009958862359503053,0.017975417650548255,0.01918233255608292,0.007397544215364277,7.261226317186419e-05
204,11.0,562.3512105263159,-1389.7514788409567,12.734094008649693,11.94138002306404,512.5041346614803,512.4400797587815,181.996976950284,39.64312994163607,1.6801533902021795,0.0366923471510696,0.13556605526460624,0.5559010348942223,0.5613608908474802,0.12177448167097182,0.0009940534405959856
205,12.0,562.3512105263159,-1393.6276585174267,2.097681833908652,82.26023694745248,512.4985755817414,512.4296055805398,137.5459801649635,28.77596210839566,4.821444291662005,0.04329724498582278,0.016990726257786797,0.07197419024973546,0.07238696036895051,0.0151442263475764,0.00016285114306306656
206,13.0,562.3512105263159,-1184.9854539549037,0.35517221674398264,926.8563178702827,512.4993203459104,512.4838070712057,141.0350984550115,40.657387617275575,1.6988593527915703,0.0791393826766145,0.0037709697168556286,0.011951797480920635,0.012042690678063175,0.0034715236633376034,3.7965661658567996e-05
207,14.0,562.3512105263159,-21024.29263334486,61.67242944088329,326.658248686312,512.4974245282058,512.4778090410829,159.71900390298538,11.474157652869659,1.578053893754509,0.06809716388071702,0.0024038456803039993,0.03329302968684148,0.03331456476903807,0.002391730430692833,2.1288519765250334e-05
208,15.0,562.3512105263159,-420.34686782723304,0.3718071301203356,520.7794508215142,512.485478859838,512.4917420801796,64.73743169448802,48.2901958635471,1.919009328681456,0.06212941204004535,0.006022563793433413,0.0075214653482245115,0.00772353240275906,0.005761142515932733,0.0002837024244672157
209,16.0,562.3512105263159,-1714.9230473838943,0.2829377653980744,2591.502598702133,512.4990990788452,512.4917041801343,124.67426503899678,46.677063488989326,1.6595391554912922,0.06129305611091819,0.0011302605339311154,0.0029386838968457774,0.002948663077368417,0.0011039778602518668,1.456454833391416e-05
210,1.0,562.9403684210527,-1575.973124398307,0.45115064821598805,1816.8269544070408,512.4996800314285,512.4889500886558,172.95169770069953,47.338502052382815,1.6673168490710695,0.11925673972428757,0.003279204120941437,0.011301564949009276,0.011373834522929106,0.003105866256383447,2.7459445557451302e-05
211,2.0,562.9403684210527,-976.4358319179776,1.1343092450178422,81.50520693390402,512.4939308493332,512.4689622080823,176.13016892824143,44.9707891460138,-1.4157797984776224,0.0374041747972301,0.023893113446754904,0.07990164516102395,0.08100249062721895,0.020625050513746034,0.00017720905420172238
212,3.0,562.9403684210527,-18348.71304874607,111.51243209721598,183.53485827354456,512.4957053246399,512.4852358281887,169.55166941143602,19.326885417808757,1.57911213471653,0.056797086852962024,0.005994662603469327,0.05245958606250646,0.05254732687567882,0.005978972205861664,5.053614460104739e-05
213,4.0,562.9403684210527,12.890846185607142,0.4312605951654298,4.171481147522021,512.3907949039449,512.1440949756366,27.137071130188783,-157.5022167320677,3.2258739748426097,0.04659655423502839,0.336899597727654,1.7566649845858084,0.30357778481181474,1.7635468870327933,0.0028062806875882853
214,5.0,562.9403684210527,-6073.948025176759,552.036521731848,5.51757512784935,512.4751981706892,512.8210226123547,168.10323408093765,-37.153160653096855,1.595912742468789,0.03826978757396555,0.25941576678097067,1.1650008164932313,1.1670179596621866,0.25779081860074676,0.002281769343096662
215,6.0,562.9403684210527,7212.532911723378,15.707019061684141,155.38895352633713,512.4938403579009,512.841355292225,157.5396717046693,12.126478476945508,1.549643545403119,0.06535679190289959,0.005287358146372249,0.06624033304837516,0.06628721607397015,0.005099369240313237,4.6051511489718354e-05
216,7.0,562.9403684210527,-1653.0029900305585,2.2297551494311625,269.69030320494045,512.4966464068759,512.4961702130317,39.06851719480423,101.9925455262233,3.2336413015409007,0.052447533231302586,0.0077820350123776055,0.019762719915401475,0.0075976385443117436,0.01983434037408231,0.00012346532430116991
217,8.0,562.9403684210527,-383.2391664237922,0.08168483815749698,246.03671521631009,512.4949322550342,512.4919858233612,168.85780937584215,65.53812919753793,1.9497095995804503,0.027891275198404022,0.009887366711251278,0.017994149188639064,0.019150987191914066,0.0074283320577654775,7.325140893232115e-05
218,11.0,562.9403684210527,-1513.5809342863952,15.112714321302452,11.933860546018309,512.5017469542216,512.273391692748,181.8632761554999,39.65671048848789,1.6712693781464028,0.036750183376537404,0.13372198763921075,0.5571778015627387,0.5621521596143191,0.12199129283491583,0.0009964596523215595
219,12.0,562.9403684210527,-1512.9227255570343,2.4668082430660005,82.28083273127272,512.498783323503,512.4624975926114,137.48257288127778,28.781018201826306,4.812905449543227,0.043261675653231725,0.01670970353737394,0.07192520989990767,0.07227563821882019,0.015130587595102532,0.0001627895932228995
220,13.0,562.9403684210527,-1279.0141320486402,0.41025385941328446,926.8061573390061,512.4996017555869,512.4890371089239,140.87239979079746,40.69901153705076,1.6895362926061737,0.07844114535543058,0.003700501740724449,0.011845895389992946,0.011923319165306166,0.00344461132026823,3.772979275140806e-05
221,14.0,562.9403684210527,101103.64768101125,1419.6663067031106,327.058905657432,512.4974544790133,512.5998348852964,159.6420433159087,-11.462518157843913,1.569287105532632,0.06791430776040959,0.002380266714312393,0.03314654959079032,0.03316699743672791,0.002379742653045985,2.119198833098796e-05
222,15.0,562.9403684210527,-442.6179537585329,0.4163280796676077,520.7328844917382,512.48512296852,512.493454412426,64.56323513391173,48.42483591018859,1.9027770639911528,0.06224703724975798,0.006023011304813053,0.007536765764112916,0.007718187407345697,0.005788703387771688,0.00028981954524552226
223,16.0,562.9403684210527,-1946.132439457417,0.3621790724465928,2591.7450543124646,512.4992320838849,512.493844119448,124.57698684531947,46.707535936803765,1.6490419590373238,0.060920824193920156,0.0011182040139572325,0.002920488242997432,0.0029281914124962725,0.001097886738032482,1.4502304008104007e-05
224,1.0,563.5295263157896,-1736.8757236370027,0.5403806129245838,1816.8493712043974,512.4998348178323,512.4879957354195,172.81436575481987,47.372304479841695,1.6584232885701442,0.11759188060512502,0.003205895833785596,0.011143150027182117,0.0112058780570615,0.0030646423413540794,2.7123350681191077e-05
225,2.0,563.5295263157896,-1037.0588621323209,1.2783847090766085,81.49086412624075,512.4947106670036,512.5007877950262,175.91652060215768,45.027054983436344,-1.4247092842235816,0.037356074298272104,0.023544084632330594,0.07982131330094053,0.08081889455192025,0.02063033132846834,0.00017753059310631497
226,3.0,563.5295263157896,-822033.2058572817,224068.639353085,183.35023922483953,512.495897603463,512.5530519927199,169.56340613503576,19.342464854257003,1.5709819493315353,0.05676497683262445,0.005986443483274978,0.052488158356856766,0.05257429463101766,0.005986435568632653,5.059672524924188e-05
227,4.0,563.5295263157896,-2019.5231729931322,76.72918041933262,4.17249611296887,512.3728594951448,512.5116427642697,156.79296083214928,-27.559510548220814,1.6462094343022868,0.04646622104625259,0.33251910870252555,1.7372460764689879,1.7427849832639961,0.30628995121153857,0.0028543729052428507
228,5.0,563.5295263157896,-10094.35668551058,1527.2924403173633,5.496133903528375,512.4739670409069,512.446911041814,168.06103028419918,37.27788410021614,1.585911333620046,0.03814144847202039,0.2589009320189429,1.165734398030243,1.1675243378779354,0.25835175667076055,0.002286576597351927
229,6.0,563.5295263157896,5133.983952555026,7.963049605833267,155.71420315968487,512.4948255924741,512.8466425258082,157.62018641775788,12.091734354933765,1.541083926736217,0.06571224732676234,0.005470013498448506,0.06648678903663217,0.06654841724368472,0.0051029398219211135,4.6058205551617196e-05
230,7.0,563.5295263157896,-1908.7915968782174,2.9784729640826884,269.74665763387117,512.4963451114555,512.5070748422991,101.8676704037054,39.101818971150735,1.6505662202595768,0.05251467127571417,0.0077508840367627955,0.019777344450460234,0.019831100507636062,0.007612293352717002,0.00012394535302917152
231,8.0,563.5295263157896,-392.1769373707497,0.08581009344874796,246.0037186215128,512.4947493837825,512.491661829189,168.42426712412274,65.735535902616,1.9418529189216756,0.027935013549630183,0.009821769988869206,0.01802696781762243,0.019134343879645726,0.007463730860528127,7.393918697218509e-05
232,11.0,563.5295263157896,-1661.4931142053858,18.2592260681879,11.925284949289566,512.4987235889942,512.1693724501229,181.64720233888494,39.78577546732894,1.6623772442567732,0.036692889497536234,0.13208871621836907,0.5564873621240116,0.5609882969164923,0.12231440647586113,0.0010008241692293274
233,12.0,563.5295263157896,-1667.222183101324,2.997140922545819,82.27087136773804,512.4993543540547,512.4872181315975,137.35740570201364,28.81728945822258,4.803656946375568,0.04325196308608436,0.016458887739747907,0.07192003729484002,0.07220901876011476,0.015149141123956555,0.00016316147955028042
234,13.0,563.5295263157896,-1375.7495183885965,0.4760245675612012,926.8619296660003,512.4994343540695,512.4915070176938,140.73070595756673,40.73911335764943,1.6812574064889871,0.07863624630171455,0.003678829312489859,0.011873082776667362,0.011940236725352571,0.003456379939681781,3.791061037858975e-05
235,14.0,563.5295263157896,16226.176252066698,36.6440214662887,327.27814858834256,512.4974749040404,512.6668581601094,159.8197637011662,-11.451674128365829,1.5613927932311862,0.06823366406477345,0.0024076591950257854,0.03331716701009383,0.03333954012524756,0.0023872961044367085,2.1235007389164542e-05
236,15.0,563.5295263157896,-468.211430791179,0.4698011332356882,520.7636489353399,512.4862778582443,512.4962852430705,64.38771745203411,48.55671282833113,1.8858377537014255,0.06225905295511307,0.0060128332822168735,0.007537093796760884,0.007698142041250035,0.005805218048707138,0.00029560611733125394
237,16.0,563.5295263157896,-2221.802020417323,0.46651516926002556,2591.3349575058037,512.4993936762495,512.4939455593768,124.49478389932597,46.74261497742756,1.639366193489081,0.060169669022149805,0.0011007499086938886,0.0028847921897854263,0.00289063156018508,0.0010853355660097731,1.4352631843554485e-05
238,1.0,564.1186842105263,-1946.9582261472897,0.669511555305178,1816.9456035742635,512.4999692662773,512.4887084752951,172.66890829785598,47.40237293819103,1.649008906986261,0.11593502404435554,0.0031344231248610147,0.01098411088456333,0.011037913405355327,0.0030232049336433174,2.678585398228716e-05
239,2.0,564.1186842105263,-1108.9533168311725,1.4580215860434738,81.48665129853661,512.4946654456189,512.4581506207746,175.71269459954837,45.08069175857123,-1.4340586370605837,0.0372565412442708,0.023159033903547965,0.07961422822747923,0.08050908385823677,0.020600418507452214,0.00017754644262386052
240,3.0,564.1186842105263,18520.27520712815,113.391180371277,183.58812200165667,512.4960574559578,512.6058383177153,169.67423572906972,19.311036363545703,-1.5790351049165225,0.05679504643688832,0.005987564085282615,0.05248045856557028,0.05256915860226322,0.005972137023173197,5.043999032699455e-05
241,4.0,564.1186842105263,-2163.173751277509,86.00448778019084,4.147111443586117,512.3796652663175,512.9290847141132,27.285603541121006,159.03715595411273,3.212014904411027,0.04630545297341093,0.32837181028175205,1.7700623261367296,0.3044436307898363,1.775307588660367,0.0027906334645706674
242,5.0,564.1186842105263,-30549.640894795906,14190.370665295415,5.48204326748425,512.478946723469,512.447211325235,167.74863357677341,-37.53172561395721,1.5757910376090563,0.038141783333761795,0.2614016701572375,1.1673119020520981,1.1689483635807203,0.26134135396698766,0.0023200148010498497
243,6.0,564.1186842105263,4012.3587180350532,4.912580588336449,155.68210588357803,512.4946985266337,512.7984398511486,157.70748422941452,12.104370547670179,1.5327851703921243,0.0662934162717858,0.005747911339926536,0.06710508186569526,0.06718621575263549,0.005154105210241923,4.6494610050337875e-05
244,7.0,564.1186842105263,-2190.8461362214407,3.9188767246232747,269.6196985149612,512.4967456558004,512.4986202279895,101.8194824632505,39.14073051396995,1.6403319630795636,0.052401766416281234,0.007712209137581241,0.01974769660261331,0.01978844186901071,0.007607053223314342,0.00012398133784850411
245,8.0,564.1186842105263,-401.25825964641064,0.08988572529614976,245.96100235298974,512.4948014934038,512.4918228141726,167.96656478431063,65.91864889734235,1.9341823219362149,0.027902972749625277,0.009731887894773217,0.018006612653396325,0.01906375897088816,0.007477238939097039,7.442281077266403e-05
246,11.0,564.1186842105263,-1826.8197608498338,21.986552793882996,11.947935144184088,512.501101049244,512.6951110844144,181.4738541422871,39.68855472630196,1.6541294063348266,0.03672379565587953,0.13005586585926135,0.5557875782566352,0.5598915719638811,0.12190854310354401,0.0009983122452721061
247,12.0,564.1186842105263,-1847.2543908397172,3.680433285169097,82.24870231035182,512.4996522099549,512.5036450458277,137.1808270687691,28.864147024844048,7.936397061142346,0.04318187667870849,0.016223904847416065,0.07178438331294078,0.0720196783873202,0.015153422375472554,0.00016346034042014084
248,13.0,564.1186842105263,-1486.5471707000247,0.5542763400732434,926.7373679356892,512.499446716201,512.4955056151642,140.60681369489762,40.77814493377546,1.6730839358409766,0.07837813870379712,0.0036393246466078534,0.011834756752273013,0.011892170068120636,0.003448806194771657,3.787364970843466e-05
249,14.0,564.1186842105263,8753.793253880358,10.636392264684813,327.0496548300965,512.4972699910525,512.7522244238756,160.05004729566537,11.460154309428813,1.5533670324510631,0.0680352004207212,0.0024530392399176515,0.033287702615176856,0.033314115254740984,0.002383799294284586,2.1173366136697582e-05
250,15.0,564.1186842105263,-506.76207457094785,0.5559192752569596,520.8637440660747,512.485994326116,512.496499160828,64.18205792082824,48.696664849186234,1.8632653007347832,0.062387488041863275,0.006008849537211785,0.0075510283270491954,0.007687820096087768,0.0058328143475148125,0.0003028536817641667
251,16.0,564.1186842105263,-2625.437903565253,0.6562800666122831,2591.727864939846,512.4993232927957,512.4950431642623,124.41884093696588,46.76651431088947,1.6288500453433805,0.060618557160949924,0.0011049588637026965,0.002905759923519629,0.002909974050678817,0.0010938253886772925,1.447909054863607e-05
252,1.0,564.7078421052632,-2202.33957459657,0.8481633430484443,1816.7427744135814,512.5001391179218,512.4916168313022,172.55806064938216,47.43864825982725,1.6399702341815228,0.1147360106224077,0.003080832029407492,0.010871323759428803,0.010917826649796859,0.0029945461432328343,2.6555301158384057e-05
253,2.0,564.7078421052632,-1183.963380057928,1.6666186296390593,81.50639441424757,512.4948329157442,512.4910726060284,175.50389168104925,45.10947473634197,-1.442623954794178,0.03738259366734039,0.022941897378815055,0.07985646756746882,0.08066768341531215,0.020676804816921378,0.00017845366959987004
254,3.0,564.7078421052632,9106.154235011267,27.321616573247745,183.65639560810754,512.4960412391572,512.5811384894478,169.77649570392944,19.301839790396006,-1.5875513265185088,0.056674625336600656,0.006018220478460725,0.052376664402428184,0.052471351008892754,0.005954730723265127,5.0261394355613796e-05
255,4.0,564.7078421052632,-2471.0138780631364,111.11951907922071,4.16872173998851,512.3916208178256,512.5580704126845,-26.810356529728928,158.6009760806704,3.203265469371868,0.046875853906299114,0.320110229921451,1.7782639157559479,0.3011956003609035,1.782502196216672,0.0027663501527745407
256,5.0,564.7078421052632,34904.85120931095,18634.218174235917,5.496397064619685,512.4789116651006,512.2512342644724,166.95922229237664,-37.63512795122501,1.5664248164361025,0.03818768258913612,0.2615340731931959,1.1600035400334041,1.1615145924143304,0.26148515414441814,0.0023337340557710185
257,6.0,564.7078421052632,3316.644364391955,3.396208595533681,156.15987061594257,512.4945774903857,512.7993725879211,157.72095343014377,12.045310375981234,1.524822036618656,0.06756882423363914,0.006078158023635672,0.06817224153157445,0.06827722300134446,0.005212097726880719,4.701087677815934e-05
258,7.0,564.7078421052632,-2572.3859884939598,5.412167343071394,269.7193489761954,512.4970931762854,512.5026516977604,101.76340249647177,39.14920676967008,1.6300445515039776,0.05252849179036478,0.007700847985370706,0.01978846987641012,0.01981809192907304,0.0076242923275640926,0.00012436368891572417
259,8.0,564.7078421052632,-411.149001436235,0.09493003357809754,245.85586657603625,512.4948681865689,512.4909994420794,167.52655946484074,66.13885791711762,1.926165881267224,0.027996699455815392,0.009689933932126941,0.018074733604852247,0.019085859138717534,0.007530637722681322,7.531551101300804e-05
260,11.0,564.7078421052632,-2037.7193099389835,27.282389033120676,11.950987123474485,512.5023321027652,512.5496449957884,181.33639328409157,39.69026103561687,1.6455385374157625,0.03665956649609776,0.1282184509706212,0.5545762504188188,0.5583057274540018,0.12164543696949656,0.000996977462419847
261,12.0,564.7078421052632,-2091.4403870943183,4.738109320432298,82.25360601851395,512.4995470674182,512.4699763144105,136.9688037479243,28.876687935833726,11.068403527992132,0.043342026225531134,0.01605675216608225,0.07198111351011781,0.0721655237818112,0.015214482020803125,0.0001644101349302111
262,13.0,564.7078421052632,-1633.8197748190994,0.6706474302281791,926.9602491583857,512.4996200323503,512.4990035643427,140.48219901928897,40.80236474411583,1.6639195466161754,0.07852969829606812,0.0036152821662714424,0.011854042217673553,0.011901747633559032,0.0034567052735976363,3.800444622760282e-05
263,14.0,564.7078421052632,5868.68955375267,4.775767403661205,327.37067948291144,512.4978637345245,512.7931522292706,160.3519549852845,11.443319774492988,1.5448018489570137,0.06823784258127087,0.0025375640823088927,0.03341094346262934,0.03344428424697114,0.002385063952514928,2.1144015668834092e-05
264,15.0,564.7078421052632,-538.0906045873284,0.6284038452327017,520.8788356704057,512.4861848081567,512.4960885103247,64.06301010801339,48.78688206162801,1.8471150573621185,0.062276754611758495,0.005988246834944272,0.007539109785216317,0.0076597821155694685,0.005833096428619498,0.00030651946334154433
265,16.0,564.7078421052632,-3158.430035904287,0.9581195988442113,2591.4359843250013,512.4992525332814,512.4957620361486,124.35786216093278,46.79227496587586,1.619070102805205,0.061122141881371696,0.001111407060068233,0.002930097110324681,0.002933034975781384,0.0011036436333519094,1.4621260559515032e-05
266,1.0,565.297,-2540.911441247488,1.1259785043220742,1816.7609474646326,512.5001357538947,512.4917951611699,172.4551337045945,47.46043930628004,1.6307767174710657,0.11442470821624437,0.003052677781554586,0.010841442074900832,0.010881826773406537,0.0029878413535827106,2.6515983208415935e-05
267,2.0,565.297,-1275.103257154042,1.9337768607749615,81.49148290032443,512.4947253289201,512.4974107136234,175.28382718487785,45.17370581693297,-1.4516956021742244,0.03735360887841666,0.02265892806029077,0.07979832282927936,0.0805236698260324,0.020697095569699314,0.00017892072077267974
268,3.0,565.297,6121.6753905195765,12.353123485236244,183.57770388096813,512.4962057044652,512.6324327489027,169.92043362455397,19.301329672807118,-1.595717004852343,0.0567089297040162,0.006100564624605518,0.05246608035074605,0.05257066414027542,0.005960614015475021,5.026741082624128e-05
269,4.0,565.297,-3073.7951584874268,174.21317244919294,4.21387678967482,512.3949259369956,512.3852046594575,156.14584978189413,27.058997755425025,1.6203971387975404,0.046821378020848264,0.31215825841697176,1.7314918029078308,1.7342605618084082,0.3004388521502787,0.002806611543139828
270,5.0,565.297,12190.411639878343,2257.4719140036514,5.50729816311678,512.4743383151288,512.5584387455245,167.3885002595559,-37.45458152222071,1.5582799387588642,0.03830135458866123,0.2608466489568073,1.163642997171273,1.1652865039870364,0.2604693740884822,0.0023175955324863636
271,6.0,565.297,2806.8686767275026,2.4278265787183364,156.42579985302032,512.4945712518378,512.7505442877211,157.75354757064332,12.035426437292848,1.5164874645847766,0.06757501124238044,0.00637438791161041,0.06804623958178369,0.06817924815386064,0.0051990086665313654,4.688263164137028e-05
272,7.0,565.297,-3141.1126394313314,8.079417881777934,269.7876211915848,512.4967079678091,512.5116207498239,101.69624737137802,39.1627464574789,1.6193358262401278,0.052591804098568916,0.007685739712491308,0.01980381797003816,0.01982370509299956,0.007634298874198384,0.0001246549371116426
273,8.0,565.297,-421.79687432256156,0.09973331684128026,245.8370994425029,512.4951706609011,512.4999162838285,167.06852265458764,66.31241016755183,1.9179062831877005,0.027908666153754855,0.009577254202887865,0.018016976197361007,0.018975271408425132,0.007527234242413481,7.563829095766318e-05
274,11.0,565.297,-2317.678115463454,35.35401938332791,11.965043512687327,512.5054552902692,512.7134494176643,181.17499098989268,39.68404577584381,1.636537984236153,0.03678327695338138,0.12700716792202776,0.5556494870969052,0.5590404092861269,0.12189256135294572,0.0009999407463414155
275,12.0,565.297,-2373.5585593269952,6.104869514338376,82.29962876036622,512.4994301515014,512.467853537637,136.91425948748181,28.90013940621737,7.918179842464132,0.04337607776933982,0.01588861056912092,0.07201301347528054,0.07215668494053659,0.01523086461169147,0.00016466656151993724
276,13.0,565.297,-1790.004071577403,0.8088820714005239,926.9021076756314,512.4994538369602,512.5001049520291,140.37045920964016,40.831116851694155,1.6558351806479572,0.07887727166356977,0.0036077268393832646,0.011905663638572709,0.011945669078450584,0.00347467830175638,3.824307469448641e-05
277,14.0,565.297,4474.488168667462,2.767687873468999,327.4859975140103,512.4975542132985,512.8402167844979,160.5966343357985,11.439879276763785,-1.604884869764946,0.06814773454782769,0.0026374580509018926,0.03339741147893515,0.033439326599031566,0.002380275530028505,2.106908579852998e-05
278,15.0,565.297,-585.5593218863937,0.7552737027120999,520.8376971439491,512.4859901099153,512.4957651754331,63.90633296164922,48.91428596307109,1.8257121289142033,0.06271005422688865,0.00602075581248648,0.007592672166834506,0.007694710479203182,0.005889787916652119,0.0003147387616544074
279,16.0,565.297,-4082.5967593888786,1.6175011130074806,2591.6624504775255,512.4992025293335,512.4975565861874,124.30941410875573,46.805669360918785,1.6081541431050002,0.06176548821909602,0.0011201812150393353,0.002960706791532514,0.002962485722056821,0.0011154812759378732,1.4787182720144736e-05
